ğŸ‘ ğŸ¼,happiness
ğŸ‘ ğŸ½,happiness
ğŸ‘¨ \u200d â¤ ï¸ \u200d ğŸ‘¨,happiness
ğŸ‘© \u200d â¤ ï¸ \u200d ğŸ‘¨,happiness
ğŸ‘© \u200d â¤ ï¸ \u200d ğŸ‘©,happiness
ğŸ¤¤,happiness
ğŸ˜˜,happiness
ğŸ˜‹,happiness
ğŸ˜›,happiness
ğŸ˜,happiness
ğŸ˜œ,happiness
ğŸ˜‚,happiness
ğŸ’ª,happiness
ğŸ’ª ğŸ¿,happiness
ğŸ’ª ğŸ»,happiness
ğŸ’ª ğŸ¾,happiness
ğŸ’ª ğŸ¼,happiness
ğŸ’ª ğŸ½,happiness
ğŸ™,happiness
ğŸ™ ğŸ¿,happiness
ğŸ™ ğŸ»,happiness
ğŸ™ ğŸ¾,happiness
ğŸ™ ğŸ¼,happiness
ğŸ™ ğŸ½,happiness
ğŸŒ,happiness
ğŸ˜€,happiness
ğŸ˜,happiness
ğŸ’—,happiness
ğŸ¤,happiness
ğŸ’Ÿ,happiness
â™¥,happiness
ğŸ’˜,happiness
ğŸ’,happiness
âœ”,happiness
ğŸŒº,happiness
ğŸ¤—,happiness
ğŸ’,happiness
ğŸ‘¨ \u200d â¤ ï¸ \u200d ğŸ’‹ \u200d ğŸ‘¨,happiness
ğŸ’‹,happiness
ğŸ‘© \u200d â¤ ï¸ \u200d ğŸ’‹ \u200d ğŸ‘¨,happiness
ğŸ‘© \u200d â¤ ï¸ \u200d ğŸ’‹ \u200d ğŸ‘©,happiness
ğŸ˜½,happiness
ğŸ˜—,happiness
ğŸ˜š,happiness
ğŸ˜™,happiness
ğŸ•º,happiness
ğŸ•º ğŸ¿,happiness
ğŸ•º ğŸ»,happiness
ğŸ•º ğŸ¾,happiness
ğŸ•º ğŸ¼,happiness
ğŸ•º ğŸ½,happiness
ğŸ’ \u200d â™‚ ï¸,happiness
ğŸ’ ğŸ¿ \u200d â™‚ ï¸,happiness
ğŸ’ ğŸ» \u200d â™‚ ï¸,happiness
ğŸ’ ğŸ¾ \u200d â™‚ ï¸,happiness
ğŸ’ ğŸ¼ \u200d â™‚ ï¸,happiness
ğŸ’ ğŸ½ \u200d â™‚ ï¸,happiness
ğŸ¤“,happiness
ğŸ‘,happiness
ğŸ‘ ğŸ¿,happiness
ğŸ‘ ğŸ»,happiness
ğŸ‘ ğŸ¾,happiness
ğŸ‘ ğŸ¼,happiness
ğŸ‘ ğŸ½,happiness
ğŸ™Œ,happiness
ğŸ™Œ ğŸ¿,happiness
ğŸ™Œ ğŸ»,happiness
ğŸ™Œ ğŸ¾,happiness
ğŸ™Œ ğŸ¼,happiness
ğŸ™Œ ğŸ½,happiness
ğŸ˜Œ,happiness
ğŸ¤£,happiness
ğŸ¤˜,happiness
ğŸ¤˜ ğŸ¿,happiness
ğŸ¤˜ ğŸ»,happiness
ğŸ¤˜ ğŸ¾,happiness
ğŸ¤˜ ğŸ¼,happiness
ğŸ¤˜ ğŸ½,happiness
ğŸ˜´,happiness
ğŸ™‚,happiness
ğŸ˜‡,happiness
ğŸ˜,happiness
ğŸ˜ƒ,happiness
ğŸ˜†,happiness
ğŸ˜…,happiness
ğŸ˜„,happiness
ğŸ˜Š,happiness
ğŸ˜,happiness
ğŸ‘,happiness
ğŸ‘ ğŸ¿,happiness
ğŸ‘ ğŸ»,happiness
ğŸ‘ ğŸ¾,happiness
ğŸ‘ ğŸ¼,happiness
ğŸ‘ ğŸ½,happiness
ğŸ’•,happiness
âœŒ,happiness
âœŒ ğŸ¿,happiness
âœŒ ğŸ»,happiness
âœŒ ğŸ¾,happiness
âœŒ ğŸ¼,happiness
âœŒ ğŸ½,happiness
ğŸ––,happiness
ğŸ–– ğŸ¿,happiness
ğŸ–– ğŸ»,happiness
ğŸ–– ğŸ¾,happiness
ğŸ–– ğŸ¼,happiness
ğŸ–– ğŸ½,happiness
ğŸ‘‹,happiness
ğŸ‘‹ ğŸ¿,happiness
ğŸ‘‹ ğŸ»,happiness
ğŸ‘‹ ğŸ¾,happiness
ğŸ‘‹ ğŸ¼,happiness
ğŸ‘‹ ğŸ½,happiness
ğŸ˜‰,happiness
ğŸ’ƒ,happiness
ğŸ’ƒ ğŸ¿,happiness
ğŸ’ƒ ğŸ»,happiness
ğŸ’ƒ ğŸ¾,happiness
ğŸ’ƒ ğŸ¼,happiness
ğŸ’ƒ ğŸ½,happiness
ğŸ’›,happiness
ğŸ¤™,happiness
ğŸ¤™ ğŸ¿,happiness
ğŸ¤™ ğŸ»,happiness
ğŸ¤™ ğŸ¾,happiness
ğŸ¤™ ğŸ¼,happiness
ğŸ¤™ ğŸ½,happiness
ğŸ‘,happiness
ğŸ‘ ğŸ¿,happiness
ğŸ‘ ğŸ»,happiness
ğŸ’“,happiness
ğŸ˜¥,sad
ğŸ˜,sad
ğŸ˜“,sad
ğŸ¤•,sad
ğŸ˜·,sad
ğŸ¤’,sad
ğŸ˜¶,sad
â˜¹,sad
ğŸ˜¦,sad
ğŸ˜­,sad
ğŸ¤¥,sad
ğŸ˜,sad
ğŸ˜”,sad
ğŸ˜ª,sad
ğŸ™,sad
ğŸ˜«,sad
ğŸ™ƒ,sad
ğŸ˜©,sad
ğŸ˜Ÿ,sad
ğŸ¤,sad
ğŸ’”,sad
ğŸ˜‘,negative
ğŸ˜¤,negative
ğŸ¤¦ \u200d â™‚ ï¸,negative
ğŸ¤¦ ğŸ¿ \u200d â™‚ ï¸,negative
ğŸ¤¦ ğŸ» \u200d â™‚ ï¸,negative
ğŸ¤¦ ğŸ¾ \u200d â™‚ ï¸,negative
ğŸ¤¦ ğŸ¼ \u200d â™‚ ï¸,negative
ğŸ¤¦ ğŸ½ \u200d â™‚ ï¸,negative
ğŸ™… \u200d â™‚ ï¸,negative
ğŸ™… ğŸ¿ \u200d â™‚ ï¸,negative
ğŸ‡¬ ğŸ‡±,negative
ğŸ™… ğŸ¾ \u200d â™‚ ï¸,negative
ğŸ™… ğŸ¼ \u200d â™‚ ï¸,negative
ğŸ™… ğŸ½ \u200d â™‚ ï¸,negative
ğŸ¤· \u200d â™‚ ï¸,negative
ğŸ¤· ğŸ¿ \u200d â™‚ ï¸,negative
ğŸ¤· ğŸ» \u200d â™‚ ï¸,negative
ğŸ¤· ğŸ¾ \u200d â™‚ ï¸,negative
ğŸ–•,negative
ğŸ–• ğŸ¿,negative
ğŸ–• ğŸ»,negative
ğŸ–• ğŸ¾,negative
ğŸ–• ğŸ¼,negative
ğŸ–• ğŸ½,negative
ğŸ‘Š,negative
ğŸ‘Š ğŸ¿,negative
ğŸ‘Š ğŸ»,negative
ğŸ‘Š ğŸ¾,negative
ğŸ‘Š ğŸ¼,negative
ğŸ‘Š ğŸ½,negative
ğŸ˜£,negative
ğŸ¤¦,negative
ğŸ¤¦ ğŸ¿,negative
ğŸ¤¦ ğŸ»,negative
ğŸ¤¦ ğŸ¾,negative
ğŸ¤¦ ğŸ¼,negative
ğŸ¤¦ ğŸ½,negative
ğŸ¤·,negative
ğŸ¤· ğŸ¿,negative
ğŸ¤· ğŸ»,negative
ğŸ¤· ğŸ¾,negative
ğŸ¤· ğŸ¼,negative
ğŸ¤· ğŸ½,negative
ğŸ˜¡,negative
ğŸ˜ˆ,negative
ğŸ˜,negative
ğŸ‘,negative
ğŸ‘ ğŸ¿,negative
ğŸ‘ ğŸ»,negative
ğŸ‘ ğŸ¾,negative
ğŸ‘ ğŸ¼,negative
ğŸ‘ ğŸ½,negative
ğŸ˜’,negative
ğŸ™… \u200d â™€ ï¸,negative
ğŸ™… ğŸ¿ \u200d â™€ ï¸,negative
ğŸ™… ğŸ» \u200d â™€ ï¸,negative
ğŸ™… ğŸ¾ \u200d â™€ ï¸,negative
ğŸ™… ğŸ¼ \u200d â™€ ï¸,negative
ğŸ™… ğŸ½ \u200d â™€ ï¸,negative
ğŸ˜ ,negative
ğŸ‘¿,negative
ğŸ˜µ,positive
ğŸ˜±,positive
ğŸ˜®,positive
ğŸ™„,positive
ğŸ˜¯,positive
ğŸ™† \u200d â™‚ ï¸,positive
ğŸ™† ğŸ¿ \u200d â™‚ ï¸,positive
ğŸ™† ğŸ» \u200d â™‚ ï¸,positive
ğŸ™† ğŸ¾ \u200d â™‚ ï¸,positive
ğŸ™† ğŸ¼ \u200d â™‚ ï¸,positive
ğŸ™† ğŸ½ \u200d â™‚ ï¸,positive
ğŸ™† \u200d â™€ ï¸,positive
ğŸ™† ğŸ¿ \u200d â™€ ï¸,positive
ğŸ™† ğŸ» \u200d â™€ ï¸,positive
ğŸ™† ğŸ¾ \u200d â™€ ï¸,positive
ğŸ™† ğŸ¼ \u200d â™€ ï¸,positive
ğŸ™† ğŸ½ \u200d â™€ ï¸,positive
ğŸ˜§,positive
ğŸ˜²,positive
ğŸ¤,positive
ğŸ¤ ğŸ¿,positive
ğŸ¤ ğŸ»,positive
ğŸ¤ ğŸ¾,positive
ğŸ¤ ğŸ¼,positive
ğŸ¤ ğŸ½,positive
ğŸ˜°,negative
ğŸ˜¨,negative
ğŸ˜³,negative
ğŸ˜¬,negative
ğŸ¤¢,negative
ğŸ¤§,negative